,usd,Market Cap (USD)
binancecoin,218.86,"33,657,730,364.11"
bitcoin,26288.0,"511,942,390,429.96"
cardano,0.265458,"9,298,488,029.31"
dogecoin,0.063091,"8,875,649,173.94"
ethereum,1660.48,"199,731,099,992.10"
solana,21.53,"8,779,768,843.40"
tether,0.999395,"82,842,248,624.90"
tether-gold,1918.87,"472,454,782.53"
tron,0.076973,"6,886,608,646.76"
usd-coin,0.999916,"25,923,528,032.53"
