Criptomoneda,Variación de precio en 24h,Rendimiento en 7 días,Rendimiento en 30 días
Tether-gold,0.00418,1.52933,-2.48434
Usd-coin,-0.04371,-0.0053,0.02832
Tether,-0.10428,0.02806,-0.04826
Bnb,-0.46782,-4.34193,-8.77876
Cardano,-1.21204,-3.33441,-12.76152
Tron,-1.45342,1.64472,-6.4851
Ethereum,-2.09657,-4.99741,-11.11464
Bitcoin,-2.14222,-6.7371,-10.90582
Dogecoin,-2.183,-5.17525,-24.1512
Solana,-3.31972,-9.45338,-9.89906
